64,1,2025-01-05 13:13:59,1,Bank Transfer
65,2,2025-01-19 05:05:13,2,PayPal
66,3,2025-01-08 23:45:00,4,Bank Transfer
67,4,2025-01-05 10:49:26,1,Bank Transfer
68,8,2025-01-02 16:11:15,2,PayPal
69,14,2025-01-01 22:22:26,4,PayPal
70,18,2025-01-22 23:12:08,1,Credit Card
71,22,2025-01-01 18:49:19,1,PayPal
72,26,2025-01-05 22:01:25,2,Bank Transfer
73,29,2025-01-18 05:05:04,4,Bank Transfer
74,34,2025-01-12 11:30:15,1,Credit Card
75,36,2025-01-16 23:15:43,2,PayPal
76,40,2025-01-08 13:22:51,4,Bank Transfer
77,45,2025-01-03 15:10:25,1,PayPal
78,47,2025-01-11 20:20:20,1,Bank Transfer
79,50,2025-01-17 12:30:00,2,Bank Transfer
80,53,2025-01-15 07:40:19,4,Credit Card
81,58,2025-01-04 18:49:33,1,PayPal
82,60,2025-01-20 14:10:25,2,Bank Transfer
83,65,2025-01-06 20:30:10,4,PayPal
84,67,2025-01-14 16:00:00,1,Bank Transfer
85,71,2025-01-07 19:15:15,2,Credit Card
86,75,2025-01-21 12:50:30,1,PayPal
87,80,2025-01-19 09:40:40,4,PayPal
88,82,2025-01-10 08:20:00,1,Credit Card
89,85,2025-01-16 15:50:45,2,Bank Transfer
90,90,2025-01-22 21:00:15,1,Bank Transfer
91,92,2025-01-03 16:20:25,4,PayPal
